id,first_name,last_name,email,country
53,Nettie,Igoe,nigoe0@elegantthemes.com,Belarus
49,Dame,Minchinton,dminchinton1@1688.com,Russia
58,Valeda,Haimes,vhaimes2@youtu.be,Nepal
4,Kessia,Berns,kberns3@umich.edu,Russia
29,Brnaba,Vossing,bvossing4@phpbb.com,China
6,Manuel,Sextie,msextie5@usa.gov,Canada
50,Augustine,Bunyan,abunyan6@wp.com,France
93,Far,Sennett,fsennett7@earthlink.net,Kenya
97,Jody,Deevey,jdeevey8@shop-pro.jp,Brazil
81,Pooh,Goodchild,pgoodchild9@paginegialle.it,China
27,Friedrich,Prynne,fprynnea@amazon.co.jp,Portugal
79,Doloritas,Duinbleton,dduinbletonb@blogger.com,Sweden
7,Bryn,Moreman,bmoremanc@behance.net,China
95,Alwyn,Kenton,akentond@oakley.com,China
80,Fiann,Tunnow,ftunnowe@ftc.gov,France
2,Domenico,Licciardello,dlicciardellof@sun.com,Iran
22,Calhoun,Petris,cpetrisg@seattletimes.com,Japan
61,Roanne,Hatchett,rhatchetth@so-net.ne.jp,Uganda
29,Kinna,McLanaghan,kmclanaghani@booking.com,China
32,Cris,Woodruffe,cwoodruffej@reddit.com,Brazil
85,Jo-ann,Dulwich,jdulwichk@artisteer.com,Indonesia
28,Dougie,Huncote,dhuncotel@angelfire.com,China
61,Sheryl,MacColl,smaccollm@nytimes.com,Mauritius
84,Iggy,Farlam,ifarlamn@home.pl,China
86,Ursuline,Dungay,udungayo@studiopress.com,France
30,Alicia,Viles,avilesp@si.edu,China
29,Maye,Martyns,mmartynsq@flickr.com,Hungary
16,Nathanil,Lunam,nlunamr@histats.com,Bolivia
4,Andriette,Drewitt,adrewitts@va.gov,Nigeria
53,Kellen,Cordier,kcordiert@house.gov,Kenya
70,Natalee,Broddle,nbroddleu@state.tx.us,Mexico
97,Putnem,Giovanizio,pgiovaniziov@who.int,China
69,Charmine,Triggol,ctriggolw@engadget.com,Guyana
61,Ania,Burkart,aburkartx@wsj.com,Finland
37,Marinna,Foukx,mfoukxy@4shared.com,"Bonaire, Saint Eustatius and Saba "
39,Buddy,Selvester,bselvesterz@wiley.com,China
26,Siusan,Wessing,swessing10@loc.gov,Sweden
50,Garvy,Sarge,gsarge11@mozilla.org,China
75,Estella,Kesten,ekesten12@devhub.com,Comoros
50,Loretta,Thuillier,lthuillier13@imageshack.us,Poland
84,Reuben,Caustick,rcaustick14@jigsy.com,Thailand
8,Shermy,Iacovazzi,siacovazzi15@cbslocal.com,Brazil
78,Gale,Yewman,gyewman16@cyberchimps.com,Peru
54,Em,Dressell,edressell17@samsung.com,Philippines
75,Diane,Le Merchant,dlemerchant18@1688.com,Nepal
77,Jeffrey,Studdert,jstuddert19@surveymonkey.com,Indonesia
42,Abbott,Vannuchi,avannuchi1a@house.gov,Portugal
25,Collette,Reichhardt,creichhardt1b@bbb.org,North Korea
26,Karine,Abramovitch,kabramovitch1c@hubpages.com,Indonesia
77,Derward,MacGiany,dmacgiany1d@marketwatch.com,Canada
73,Bronson,Prangle,bprangle1e@vimeo.com,Finland
70,Nicolas,Astle,nastle1f@noaa.gov,New Caledonia
33,Kirsteni,Molineaux,kmolineaux1g@apache.org,China
69,Gloria,Dullard,gdullard1h@live.com,China
34,Alden,Blacksland,ablacksland1i@istockphoto.com,China
97,Devy,Pickin,dpickin1j@tripadvisor.com,United States
95,Chiarra,Duesbury,cduesbury1k@php.net,Liberia
84,Myrtle,Morin,mmorin1l@imageshack.us,Brazil
23,Rockie,Hindge,rhindge1m@cisco.com,Indonesia
8,Yolanda,Ladson,yladson1n@ebay.co.uk,Greece
81,Victoria,Breheny,vbreheny1o@i2i.jp,Yemen
36,Trueman,Giff,tgiff1p@123-reg.co.uk,Philippines
71,Burg,Sloan,bsloan1q@about.com,Indonesia
44,Sybil,De Rye Barrett,sderyebarrett1r@hud.gov,Thailand
17,Babb,Manssuer,bmanssuer1s@twitter.com,China
8,Fritz,Chastanet,fchastanet1t@reverbnation.com,China
43,Tiffi,Sturror,tsturror1u@gov.uk,China
69,Ina,Diloway,idiloway1v@hc360.com,Sweden
14,Glynnis,Sanchis,gsanchis1w@state.gov,Cuba
24,Cathy,Solway,csolway1x@alexa.com,China
57,Johnathon,Petcher,jpetcher1y@so-net.ne.jp,Armenia
61,Tierney,Bellard,tbellard1z@xing.com,China
52,Mill,Potticary,mpotticary20@nifty.com,Brazil
17,Eduino,Fleeming,efleeming21@spiegel.de,South Korea
50,Isacco,Luxford,iluxford22@wikia.com,Russia
42,Archibaldo,Campion,acampion23@deviantart.com,Tanzania
66,Aristotle,McCadden,amccadden24@typepad.com,Argentina
30,Aurelie,Paireman,apaireman25@friendfeed.com,Croatia
89,Kirsteni,Spataro,kspataro26@disqus.com,China
95,Norrie,Dimeloe,ndimeloe27@studiopress.com,France
67,Mattie,Tunaclift,mtunaclift28@ow.ly,Canada
66,Raychel,Simper,rsimper29@paginegialle.it,Russia
84,Ferdinande,Halton,fhalton2a@usgs.gov,Czech Republic
4,Moyna,Boram,mboram2b@businesswire.com,France
42,Farah,McAirt,fmcairt2c@ow.ly,China
34,Juana,Cliss,jcliss2d@friendfeed.com,China
82,Emyle,Broseke,ebroseke2e@dailymail.co.uk,Brazil
83,Dexter,Odda,dodda2f@imdb.com,Philippines
62,Xerxes,Cardinal,xcardinal2g@fc2.com,France
55,Nari,Doudney,ndoudney2h@jalbum.net,Saudi Arabia
37,Dorthy,Lown,dlown2i@artisteer.com,Ukraine
32,Cymbre,Bogue,cbogue2j@sciencedaily.com,Philippines
51,Melosa,Hammill,mhammill2k@ehow.com,Indonesia
8,Kale,Spittall,kspittall2l@mit.edu,Brazil
53,Lainey,Aishford,laishford2m@instagram.com,China
5,Karita,Garnam,kgarnam2n@sohu.com,China
59,Xerxes,Saxton,xsaxton2o@naver.com,Ireland
48,Conny,Umpleby,cumpleby2p@yelp.com,Philippines
56,Philis,Hurst,phurst2q@bloglovin.com,Sweden
78,Maurizia,Wilcock,mwilcock2r@washington.edu,Sweden
16,Janeen,Kleinstub,jkleinstub2s@hubpages.com,Portugal
34,Maryann,Swinburne,mswinburne2t@livejournal.com,Sweden
65,Kevin,Dolligon,kdolligon2u@dailymail.co.uk,China
74,Charlotte,Laroux,claroux2v@typepad.com,China
46,Glyn,Buggs,gbuggs2w@ning.com,China
7,Ashleigh,Gasken,agasken2x@npr.org,Kosovo
72,Erich,Marcinkus,emarcinkus2y@bluehost.com,Niger
84,Nevins,Moulding,nmoulding2z@furl.net,Indonesia
72,Ferrel,Mattingson,fmattingson30@ted.com,China
66,Jewell,Ferro,jferro31@soundcloud.com,China
18,Elga,Issacson,eissacson32@hc360.com,France
54,Hamlen,Lashford,hlashford33@dell.com,China
26,Meta,Brosius,mbrosius34@flickr.com,China
41,Verine,Pellman,vpellman35@yolasite.com,China
75,Debora,Climar,dclimar36@boston.com,Ukraine
52,Bruce,Buckner,bbuckner37@bloomberg.com,Brazil
81,Mata,McFetridge,mmcfetridge38@japanpost.jp,Sweden
76,Benyamin,Podbury,bpodbury39@arstechnica.com,Philippines
38,Kleon,Willicott,kwillicott3a@parallels.com,China
27,Lauren,MacMenamin,lmacmenamin3b@ted.com,France
74,Ann,Lotze,alotze3c@tinyurl.com,United Kingdom
95,Bancroft,Aleksankov,baleksankov3d@yolasite.com,China
54,Cathie,Domleo,cdomleo3e@altervista.org,Nepal
33,Calli,Affuso,caffuso3f@etsy.com,Thailand
65,Melvyn,St. Pierre,mstpierre3g@taobao.com,Philippines
77,Jilly,Culvey,jculvey3h@google.nl,Sweden
31,Julita,Swindles,jswindles3i@cornell.edu,United States
95,Polly,Bysaker,pbysaker3j@latimes.com,France
8,Cash,Shrimpton,cshrimpton3k@instagram.com,Ukraine
83,Talyah,Butting,tbutting3l@comsenz.com,Philippines
45,Renaud,Roblett,rroblett3m@wikispaces.com,China
72,Cary,Bootman,cbootman3n@epa.gov,Sweden
42,Konstance,Kleanthous,kkleanthous3o@over-blog.com,Philippines
55,Ardine,Cockshoot,acockshoot3p@ezinearticles.com,Argentina
80,Myrwyn,Balchen,mbalchen3q@tumblr.com,China
38,Donni,Skittreal,dskittreal3r@cbsnews.com,Philippines
5,Hildagarde,Sarle,hsarle3s@marketwatch.com,Jamaica
72,Doll,Collelton,dcollelton3t@skype.com,Russia
73,Ursulina,De Michele,udemichele3u@apple.com,Chad
56,Shoshanna,Calkin,scalkin3v@google.com.au,Indonesia
58,Janna,Sidsaff,jsidsaff3w@last.fm,Russia
23,Britt,Doddrell,bdoddrell3x@youtu.be,Sweden
64,Kyle,Nobbs,knobbs3y@miitbeian.gov.cn,China
55,Vivyan,Cottom,vcottom3z@businessweek.com,Russia
24,Hally,Corss,hcorss40@globo.com,China
84,Anna,Drowsfield,adrowsfield41@storify.com,China
5,Renae,Bortolozzi,rbortolozzi42@go.com,China
55,Vickie,Rodolfi,vrodolfi43@techcrunch.com,Sri Lanka
94,Chrissie,Bleas,cbleas44@wsj.com,China
54,Alanson,Kingsnorth,akingsnorth45@addtoany.com,China
75,Giuseppe,Di Giacomo,gdigiacomo46@t-online.de,El Salvador
8,Anderson,Killbey,akillbey47@vkontakte.ru,Brazil
16,Titus,Skahill,tskahill48@theglobeandmail.com,Ukraine
2,Nicolle,Thaller,nthaller49@forbes.com,Colombia
36,Hardy,Dupoy,hdupoy4a@networkadvertising.org,Sri Lanka
65,Belita,Alessandone,balessandone4b@google.com.hk,Philippines
78,Harland,Lerigo,hlerigo4c@surveymonkey.com,Finland
71,Sandie,Cuppleditch,scuppleditch4d@unicef.org,American Samoa
69,Tarrah,Grinnell,tgrinnell4e@umich.edu,Russia
62,Lira,Seager,lseager4f@google.co.uk,Thailand
50,Felicio,Phippen,fphippen4g@accuweather.com,Russia
28,Egor,Blais,eblais4h@squidoo.com,Bangladesh
35,Luisa,Wesker,lwesker4i@nasa.gov,Indonesia
84,Glenden,Denney,gdenney4j@virginia.edu,Poland
45,Frazer,MacFadin,fmacfadin4k@noaa.gov,Dominican Republic
71,Thibaud,Parades,tparades4l@cdc.gov,China
44,Caryn,Hassur,chassur4m@google.co.uk,Japan
63,Ari,Guilloud,aguilloud4n@woothemes.com,China
7,Emma,Hiseman,ehiseman4o@nyu.edu,Poland
48,Bartholemy,Beig,bbeig4p@mediafire.com,China
88,Johnath,Caro,jcaro4q@infoseek.co.jp,China
90,Shermie,Karlicek,skarlicek4r@unblog.fr,Indonesia
52,Alexia,Wilcott,awilcott4s@youtu.be,Mexico
16,Durward,Gourley,dgourley4t@google.fr,China
87,Lazarus,Kirtland,lkirtland4u@cbslocal.com,China
66,Aldwin,Klauber,aklauber4v@t-online.de,France
1,Dacia,Bevington,dbevington4w@mysql.com,Netherlands
8,Odessa,Chidgey,ochidgey4x@miibeian.gov.cn,France
79,Vikky,Valentin,vvalentin4y@csmonitor.com,Peru
66,Amelie,Arrell,aarrell4z@live.com,Ukraine
53,Estrellita,Pestridge,epestridge50@google.pl,Philippines
7,Allister,Skedge,askedge51@va.gov,China
86,Llewellyn,Hawkslee,lhawkslee52@bigcartel.com,Indonesia
49,Milicent,MacMenemy,mmacmenemy53@a8.net,Japan
64,Kelcy,Yerill,kyerill54@xrea.com,China
87,Enrichetta,Gargett,egargett55@xinhuanet.com,Peru
28,Fonsie,Baxstair,fbaxstair56@gov.uk,Sweden
21,Shawn,Weed,sweed57@myspace.com,Palestinian Territory
25,Tova,Stallworth,tstallworth58@businesswire.com,Sweden
37,Candis,Bucknell,cbucknell59@independent.co.uk,Mali
54,Locke,Goodoune,lgoodoune5a@comsenz.com,Russia
23,Dulcine,Fleming,dfleming5b@slideshare.net,China
23,Celinda,Cayette,ccayette5c@webs.com,Greece
8,Dareen,Moro,dmoro5d@intel.com,China
67,Esma,Haime,ehaime5e@sun.com,Slovenia
22,Allin,Endrizzi,aendrizzi5f@t.co,Greece
37,Jacques,D'eathe,jdeathe5g@omniture.com,Thailand
24,Odette,Tanby,otanby5h@gizmodo.com,Nigeria
12,Amata,Knee,aknee5i@dailymotion.com,Sweden
82,Cullin,Brevetor,cbrevetor5j@ihg.com,China
7,Mirna,Askin,maskin5k@blogspot.com,Brazil
45,Thedric,Grindle,tgrindle5l@xing.com,United States
74,Cos,Blaxlande,cblaxlande5m@independent.co.uk,Philippines
99,Michel,Heckner,mheckner5n@tinyurl.com,Indonesia
60,Cynde,Meas,cmeas5o@chronoengine.com,Germany
29,Gibb,Deener,gdeener5p@tmall.com,United Kingdom
76,Matilde,Hammonds,mhammonds5q@mozilla.org,Guatemala
92,Micaela,Belitz,mbelitz5r@facebook.com,Indonesia
4,Pearce,Pepperell,ppepperell5s@discuz.net,China
3,Agnola,Kennealy,akennealy5t@sciencedaily.com,France
90,Velvet,Wentworth,vwentworth5u@bravesites.com,China
9,Ramonda,MacDuff,rmacduff5v@t-online.de,Pakistan
78,Hinda,Harrington,hharrington5w@yale.edu,China
35,Allard,Heams,aheams5x@soup.io,Armenia
88,Celeste,Mazin,cmazin5y@aboutads.info,Indonesia
19,Cody,Jewett,cjewett5z@ft.com,China
5,Ellerey,Seiler,eseiler60@hao123.com,Ukraine
67,Fanny,Strudwick,fstrudwick61@jugem.jp,Sweden
3,Conrade,Feeney,cfeeney62@ow.ly,Ukraine
23,Jacquie,MacDirmid,jmacdirmid63@studiopress.com,Ethiopia
25,Amerigo,Trusdale,atrusdale64@go.com,Russia
18,Carmine,Berntssen,cberntssen65@timesonline.co.uk,Egypt
35,Jodie,Abrahamson,jabrahamson66@reddit.com,China
88,Nettie,Marie,nmarie67@nature.com,Serbia
96,Rafaelia,Marmon,rmarmon68@ucoz.com,Japan
67,Sven,Jervoise,sjervoise69@digg.com,Nigeria
46,Marietta,Bellon,mbellon6a@noaa.gov,Poland
34,Aron,Battman,abattman6b@addthis.com,France
19,Leonidas,Bass,lbass6c@jimdo.com,Canada
99,Annalise,Clancey,aclancey6d@thetimes.co.uk,Russia
16,Concordia,Chinn,cchinn6e@yandex.ru,China
60,Colby,Noe,cnoe6f@nsw.gov.au,France
94,Dennis,Ballchin,dballchin6g@storify.com,Argentina
24,Lebbie,Gianiello,lgianiello6h@telegraph.co.uk,Russia
51,Jacinthe,Flanders,jflanders6i@infoseek.co.jp,China
18,Daune,Pittem,dpittem6j@opera.com,Swaziland
81,Cesaro,Leavey,cleavey6k@wisc.edu,China
17,Fee,Lodder,flodder6l@blinklist.com,China
73,Bernadene,Noice,bnoice6m@google.it,Indonesia
66,Alonzo,Halden,ahalden6n@redcross.org,China
57,Viki,Ogdahl,vogdahl6o@unicef.org,Mexico
46,Halette,Jobbins,hjobbins6p@theguardian.com,Brazil
83,Bunnie,Carle,bcarle6q@altervista.org,China
73,Bryce,Matuszynski,bmatuszynski6r@tinypic.com,Czech Republic
59,Elsi,St. Hill,esthill6s@redcross.org,Egypt
58,Rosco,Zanettini,rzanettini6t@boston.com,Somalia
13,Aldrich,Askie,aaskie6u@privacy.gov.au,Indonesia
35,Millisent,Sertin,msertin6v@epa.gov,China
90,Chrissie,Kiellor,ckiellor6w@free.fr,Poland
42,Berenice,Belliss,bbelliss6x@noaa.gov,Colombia
35,Johnathon,Frankcom,jfrankcom6y@auda.org.au,China
43,Terra,Grigorkin,tgrigorkin6z@shop-pro.jp,Philippines
85,Court,Ovid,covid70@fda.gov,Uzbekistan
26,Frannie,Page,fpage71@paginegialle.it,United Kingdom
67,Garik,Wiszniewski,gwiszniewski72@nba.com,Peru
93,Guthrie,Goodman,ggoodman73@hud.gov,Macedonia
82,Bethena,Gyves,bgyves74@ask.com,China
21,Killie,Wornham,kwornham75@yandex.ru,Belarus
9,Helenelizabeth,Robilliard,hrobilliard76@icio.us,Peru
74,Mariele,Fudger,mfudger77@vkontakte.ru,Vietnam
40,Martguerita,Terrelly,mterrelly78@icq.com,Albania
43,Rosa,Daggett,rdaggett79@typepad.com,Poland
13,Angelina,Langlands,alanglands7a@google.es,Finland
72,Simonette,Mash,smash7b@ow.ly,China
32,Emlynne,Colnett,ecolnett7c@rambler.ru,Philippines
52,Reggy,Peplay,rpeplay7d@bluehost.com,Mauritius
32,Eamon,Hulbert,ehulbert7e@newsvine.com,France
9,Roxanne,Nayer,rnayer7f@wordpress.org,Poland
36,Rufe,Warlow,rwarlow7g@nymag.com,Panama
50,Darnell,Erwin,derwin7h@ucla.edu,China
29,Anitra,Kynvin,akynvin7i@columbia.edu,China
41,Jess,Kobera,jkobera7j@buzzfeed.com,China
21,Augustine,Meryett,ameryett7k@hubpages.com,Russia
34,Barde,Bard,bbard7l@paginegialle.it,Russia
78,Fernandina,Bouzan,fbouzan7m@java.com,Brazil
63,Normy,Fockes,nfockes7n@163.com,Indonesia
48,Ilene,Schall,ischall7o@cmu.edu,Sweden
83,Dasi,Tropman,dtropman7p@t.co,Colombia
71,Fair,Sutty,fsutty7q@friendfeed.com,Kenya
47,Augustin,Vicar,avicar7r@illinois.edu,China
86,Amata,Josipovitz,ajosipovitz7s@jugem.jp,China
98,Woodman,Bullent,wbullent7t@twitpic.com,Serbia
20,Ario,Bonfield,abonfield7u@yellowpages.com,Serbia
97,Aldo,Rapaport,arapaport7v@cafepress.com,Yemen
2,Giorgi,Jaslem,gjaslem7w@deliciousdays.com,Indonesia
51,Ware,Bolsteridge,wbolsteridge7x@msu.edu,Russia
6,Lothaire,Sibbons,lsibbons7y@omniture.com,Mongolia
14,Modestia,de Marco,mdemarco7z@scribd.com,China
63,Loren,Deverick,ldeverick80@blogs.com,Cyprus
65,Pace,Dowda,pdowda81@slideshare.net,Cuba
57,Evaleen,Hagstone,ehagstone82@discovery.com,Brazil
81,Keeley,Atthowe,katthowe83@cloudflare.com,China
17,Ralph,Peracco,rperacco84@newyorker.com,Vietnam
100,Teodoor,Crotty,tcrotty85@youtu.be,Russia
94,Milt,Brelsford,mbrelsford86@sphinn.com,Sweden
22,Vaughn,Sharrard,vsharrard87@unblog.fr,China
1,Paola,Antonazzi,pantonazzi88@paginegialle.it,Sweden
97,Esteban,Joyce,ejoyce89@youku.com,Philippines
57,Amata,Eacle,aeacle8a@statcounter.com,Indonesia
52,Brina,Aleksandrikin,baleksandrikin8b@devhub.com,Egypt
84,Estele,Chastaing,echastaing8c@twitter.com,Indonesia
10,Merrill,Francioli,mfrancioli8d@dedecms.com,China
1,Binni,Gaize,bgaize8e@hugedomains.com,China
9,Wallie,Nairn,wnairn8f@salon.com,Argentina
48,Ava,Cooling,acooling8g@nymag.com,Thailand
29,Flora,Ferryman,fferryman8h@behance.net,China
12,Madelena,Pinder,mpinder8i@cbslocal.com,Colombia
93,Udell,Mallan,umallan8j@bbc.co.uk,Malaysia
50,Inez,Brimm,ibrimm8k@goodreads.com,Indonesia
44,Terence,Klaes,tklaes8l@businessweek.com,Bosnia and Herzegovina
21,Aharon,Brunini,abrunini8m@arstechnica.com,China
22,Edan,Brucker,ebrucker8n@hao123.com,Mexico
35,Katina,Flew,kflew8o@japanpost.jp,Indonesia
65,Gawain,Checkley,gcheckley8p@weather.com,Kenya
63,Hollyanne,Melladew,hmelladew8q@gmpg.org,Russia
53,Donnell,Rimbault,drimbault8r@vinaora.com,Nigeria
20,Mordy,Sames,msames8s@ebay.co.uk,China
56,Jeanie,Cadlock,jcadlock8t@blogs.com,Russia
77,Lynnea,McOnie,lmconie8u@admin.ch,Portugal
93,Vince,Bulleyn,vbulleyn8v@thetimes.co.uk,China
28,Katleen,Trunks,ktrunks8w@comsenz.com,Indonesia
70,Pincas,Babb,pbabb8x@diigo.com,Czech Republic
60,Mirella,Kubatsch,mkubatsch8y@meetup.com,Russia
56,Ryon,Davidi,rdavidi8z@opera.com,United Kingdom
12,Adriaens,Toland,atoland90@friendfeed.com,Christmas Island
18,Nicholle,Forte,nforte91@ihg.com,Moldova
81,Mel,Sigsworth,msigsworth92@about.com,Colombia
45,Niels,De Dantesie,ndedantesie93@w3.org,Cameroon
37,Nesta,Lear,nlear94@google.co.uk,Peru
48,Renata,Cayette,rcayette95@pbs.org,Philippines
55,Frederico,Bedlington,fbedlington96@kickstarter.com,Laos
61,Foss,Upham,fupham97@feedburner.com,China
74,Tom,Cartlidge,tcartlidge98@slideshare.net,Russia
7,Odelinda,Errett,oerrett99@joomla.org,Netherlands
26,Olin,Vittel,ovittel9a@rambler.ru,Ivory Coast
2,Karol,Tayspell,ktayspell9b@stumbleupon.com,Peru
25,Sibley,Bulley,sbulley9c@google.es,China
78,Dionysus,Low,dlow9d@blog.com,Australia
11,Annabell,Riolfi,ariolfi9e@freewebs.com,China
59,Hubey,Iskower,hiskower9f@usatoday.com,China
90,Maure,Boundy,mboundy9g@rambler.ru,Serbia
21,Ernestine,Saynor,esaynor9h@ifeng.com,Portugal
35,Shepperd,Brouwer,sbrouwer9i@livejournal.com,France
27,Delmar,Dood,ddood9j@i2i.jp,Indonesia
7,Mendel,Duffell,mduffell9k@hc360.com,Indonesia
27,Marcus,Thiese,mthiese9l@infoseek.co.jp,Portugal
80,Merralee,McCoole,mmccoole9m@abc.net.au,El Salvador
82,Marys,Roalfe,mroalfe9n@smugmug.com,Zambia
47,Curtis,Houndesome,choundesome9o@nytimes.com,Greece
63,Kippy,Gyngell,kgyngell9p@theatlantic.com,Norway
5,Stacey,McCritchie,smccritchie9q@chicagotribune.com,Egypt
67,Kathe,Isbell,kisbell9r@wunderground.com,China
86,Lorraine,Lamanby,llamanby9s@pen.io,Philippines
20,Henrie,Skaif,hskaif9t@yahoo.com,Dominican Republic
2,Gabriell,Dingle,gdingle9u@foxnews.com,Greece
28,Tedi,Simenet,tsimenet9v@nbcnews.com,France
89,Teriann,Wybourne,twybourne9w@nyu.edu,Indonesia
83,Eunice,Issard,eissard9x@friendfeed.com,Sweden
28,Filmore,Carnalan,fcarnalan9y@sogou.com,Indonesia
70,Riobard,Ebenezer,rebenezer9z@homestead.com,China
71,Allissa,Quincee,aquinceea0@smh.com.au,Indonesia
100,Nikki,Godsafe,ngodsafea1@mail.ru,China
46,Sonnnie,Bawdon,sbawdona2@photobucket.com,Poland
3,Huntlee,Jellis,hjellisa3@dmoz.org,Philippines
29,Joleen,Pennington,jpenningtona4@wired.com,Syria
97,Glenine,Height,gheighta5@devhub.com,Indonesia
41,Cherilyn,Beneyto,cbeneytoa6@columbia.edu,Poland
89,Clary,Hayer,chayera7@weather.com,Oman
42,Florry,Harkus,fharkusa8@ed.gov,France
52,Sheila,Riddick,sriddicka9@wix.com,Russia
87,Wilie,Emery,wemeryaa@go.com,Mongolia
64,Leona,Waterman,lwatermanab@theguardian.com,Brazil
71,Felecia,Duffyn,fduffynac@livejournal.com,Uruguay
21,Mark,Goodbarr,mgoodbarrad@google.cn,Nigeria
94,Dory,McLevie,dmclevieae@moonfruit.com,Russia
12,Lurleen,Marcombe,lmarcombeaf@twitter.com,China
87,Augustine,Keane,akeaneag@ustream.tv,Brazil
43,Athene,Lowdwell,alowdwellah@theguardian.com,China
57,Gilbert,Mangeon,gmangeonai@about.com,China
99,Chan,Hartley,chartleyaj@woothemes.com,Costa Rica
16,Goraud,Archibald,garchibaldak@house.gov,United Kingdom
58,Odo,Tollemache,otollemacheal@kickstarter.com,China
61,Lynnea,Nelthorpe,lnelthorpeam@creativecommons.org,China
43,Lucienne,Wingatt,lwingattan@xrea.com,Indonesia
81,Chrissy,Casino,ccasinoao@hao123.com,China
94,Delainey,Hallede,dhalledeap@census.gov,Jordan
96,Margarete,Dionsetto,mdionsettoaq@hexun.com,Russia
9,Corbin,Limrick,climrickar@wsj.com,China
77,Clarisse,Matherson,cmathersonas@columbia.edu,Sri Lanka
91,Robbie,Broun,rbrounat@jimdo.com,Czech Republic
89,Kelci,Fernier,kfernierau@nps.gov,China
2,Christos,Knightsbridge,cknightsbridgeav@flickr.com,Nepal
98,Ferd,Critchard,fcritchardaw@bandcamp.com,Uzbekistan
51,Alena,Careless,acarelessax@seattletimes.com,Portugal
86,Arri,McGlue,amcglueay@pinterest.com,Brazil
50,Isidoro,Compfort,icompfortaz@nsw.gov.au,Portugal
48,Lorne,Dod,ldodb0@ifeng.com,Tajikistan
74,Aeriell,Ollington,aollingtonb1@clickbank.net,Philippines
62,Vachel,Blackly,vblacklyb2@flickr.com,South Africa
28,Sioux,Crumby,scrumbyb3@sourceforge.net,Poland
58,Herve,Bolam,hbolamb4@cloudflare.com,China
63,Horacio,Western,hwesternb5@creativecommons.org,Indonesia
60,Marcelle,Backhurst,mbackhurstb6@globo.com,China
2,Hy,Lyngsted,hlyngstedb7@yelp.com,Azerbaijan
24,Merl,Willford,mwillfordb8@taobao.com,China
7,Sherie,Collumbell,scollumbellb9@feedburner.com,Peru
73,Cymbre,Leggitt,cleggittba@newsvine.com,Indonesia
82,Nisse,Spenceley,nspenceleybb@rambler.ru,Indonesia
86,Marika,O' Donohue,modonohuebc@chron.com,Pakistan
69,Mikey,Chatelain,mchatelainbd@time.com,Palestinian Territory
30,Ashlee,Goodburn,agoodburnbe@ameblo.jp,Armenia
18,Demott,Blount,dblountbf@tmall.com,Mexico
70,Tamarah,Kryszka,tkryszkabg@bluehost.com,France
62,Daryle,Diviny,ddivinybh@nasa.gov,Indonesia
98,Merv,Bruhnicke,mbruhnickebi@cargocollective.com,Malaysia
95,Trisha,Finneran,tfinneranbj@w3.org,Hungary
2,Hilary,Hinkley,hhinkleybk@epa.gov,United States
22,Dillon,McLaverty,dmclavertybl@go.com,Germany
7,Sallie,Collihole,scolliholebm@xrea.com,Czech Republic
38,Evelina,Rudeyeard,erudeyeardbn@statcounter.com,China
10,Florri,Scoone,fscoonebo@go.com,Indonesia
26,Leoline,Rubinowitz,lrubinowitzbp@icq.com,Azerbaijan
61,Randee,Gobat,rgobatbq@furl.net,Slovenia
15,Townsend,Stannus,tstannusbr@reddit.com,China
49,Burg,Yorath,byorathbs@dailymail.co.uk,Greece
94,Fey,Denisovich,fdenisovichbt@jalbum.net,Egypt
34,Birdie,Kornes,bkornesbu@biglobe.ne.jp,Philippines
56,Woodrow,Elloit,welloitbv@berkeley.edu,China
17,Veronike,Hammond,vhammondbw@samsung.com,Indonesia
67,Camile,Leasor,cleasorbx@hibu.com,Thailand
91,Tallia,Matsell,tmatsellby@google.ru,Georgia
65,Karon,Ridesdale,kridesdalebz@jiathis.com,Indonesia
8,Barry,Collough,bcolloughc0@pcworld.com,Indonesia
25,Ladonna,Jantel,ljantelc1@blogs.com,Philippines
52,Brandie,Ingarfill,bingarfillc2@army.mil,China
43,Sabrina,Bamford,sbamfordc3@hhs.gov,China
55,Ardyce,De Cruce,adecrucec4@digg.com,Indonesia
10,Giraldo,Hawkswood,ghawkswoodc5@umich.edu,Panama
5,Kristen,Shipcott,kshipcottc6@google.com.br,Ukraine
25,Dolf,McMichan,dmcmichanc7@utexas.edu,Brazil
55,Bartie,Greener,bgreenerc8@tamu.edu,Vietnam
30,Gabi,Froschauer,gfroschauerc9@simplemachines.org,Japan
15,Claus,Rieme,criemeca@qq.com,China
74,Rafaelia,Dale,rdalecb@fc2.com,China
75,Odelinda,Ketch,oketchcc@e-recht24.de,United States
26,Hyacinth,Rosa,hrosacd@taobao.com,China
18,Elfrieda,Balsdone,ebalsdonece@sohu.com,Yemen
29,Colman,Waite,cwaitecf@instagram.com,Philippines
9,Jodie,Pol,jpolcg@naver.com,China
93,Edmund,Amott,eamottch@shinystat.com,Canada
26,Ewan,Sarfass,esarfassci@dailymotion.com,Philippines
70,Ulrike,Trudgion,utrudgioncj@bing.com,Guatemala
33,Bella,Plumbley,bplumbleyck@pen.io,China
9,Karlyn,Guilbert,kguilbertcl@weebly.com,Uganda
40,Steffie,Paskell,spaskellcm@discuz.net,Indonesia
95,Clarice,Younger,cyoungercn@plala.or.jp,Faroe Islands
13,Sidney,Signori,ssignorico@yellowpages.com,Philippines
80,Hewie,Johnson,hjohnsoncp@goodreads.com,China
93,Euell,Ajsik,eajsikcq@cornell.edu,South Africa
72,Dalia,Forte,dfortecr@pen.io,Colombia
37,Hunt,Redgate,hredgatecs@amazon.co.jp,China
83,Burlie,Ogglebie,bogglebiect@msn.com,China
61,Emlen,Phittiplace,ephittiplacecu@hud.gov,Macedonia
81,Janelle,Solleme,jsollemecv@mapy.cz,Georgia
83,Molly,Collcott,mcollcottcw@webeden.co.uk,Russia
63,Christiana,Goakes,cgoakescx@springer.com,Ukraine
97,Cybil,Blasing,cblasingcy@utexas.edu,Indonesia
55,Seana,Lawrey,slawreycz@meetup.com,Spain
44,Jessamine,Radband,jradbandd0@cdbaby.com,China
90,Matthiew,Grocock,mgrocockd1@wisc.edu,Indonesia
80,Tamarah,Kyne,tkyned2@wikispaces.com,France
56,Candida,D' Angelo,cdangelod3@home.pl,United States
52,Antons,Mazzilli,amazzillid4@bigcartel.com,Sweden
39,Lauri,Brindley,lbrindleyd5@xrea.com,Indonesia
26,Gianina,Tuddenham,gtuddenhamd6@jugem.jp,Indonesia
38,Sholom,Spellicy,sspellicyd7@com.com,United Kingdom
6,Claire,Found,cfoundd8@opensource.org,Brazil
77,Benedict,Gunderson,bgundersond9@npr.org,Poland
5,Reggi,Whitmore,rwhitmoreda@scientificamerican.com,China
11,Erina,Coughlan,ecoughlandb@fastcompany.com,Belarus
87,Fayre,Renforth,frenforthdc@mediafire.com,China
34,Ollie,Achromov,oachromovdd@ebay.com,United States
58,Myron,Monahan,mmonahande@geocities.com,Indonesia
63,Jaclyn,Inkles,jinklesdf@guardian.co.uk,Portugal
44,Peterus,Croote,pcrootedg@imdb.com,Poland
75,Noella,Cattermoul,ncattermouldh@bloomberg.com,Brazil
54,Terrie,Tennewell,ttennewelldi@mediafire.com,China
49,Odele,Flory,oflorydj@virginia.edu,Japan
64,Bobina,Drinkhill,bdrinkhilldk@trellian.com,Portugal
16,Viola,Haskell,vhaskelldl@ameblo.jp,French Polynesia
83,Sallyann,Pawlik,spawlikdm@utexas.edu,Russia
40,Gabbie,Gilardone,ggilardonedn@google.co.jp,China
61,Warner,Berger,wbergerdo@shareasale.com,Poland
30,Clo,Gilfillan,cgilfillandp@t.co,Indonesia
21,Murvyn,Haistwell,mhaistwelldq@cargocollective.com,South Korea
92,Isak,Aimable,iaimabledr@yandex.ru,Indonesia
19,Ealasaid,O'Hagan,eohagands@storify.com,Poland
72,Waverly,Spicer,wspicerdt@ebay.co.uk,Canada
40,Antonius,Hammett,ahammettdu@scientificamerican.com,China
87,Minerva,Dyment,mdymentdv@amazonaws.com,Thailand
13,Alidia,Filyakov,afilyakovdw@geocities.jp,China
61,Roma,Sabates,rsabatesdx@blinklist.com,Philippines
8,Fanchon,Geake,fgeakedy@moonfruit.com,Cuba
61,Bobine,Undrill,bundrilldz@jigsy.com,Ireland
25,Dani,Drewett,ddrewette0@un.org,Belarus
47,Jori,Carlyle,jcarlylee1@washington.edu,Indonesia
47,Starlene,Ramsell,sramselle2@house.gov,China
70,Delano,Colbert,dcolberte3@bluehost.com,Indonesia
4,Atlante,Pyott,apyotte4@wikia.com,China
85,Mildred,Schneidar,mschneidare5@illinois.edu,Yemen
9,Ignatius,Aylmore,iaylmoree6@time.com,Portugal
55,Giovanna,Colhoun,gcolhoune7@google.es,Haiti
39,Ninnette,Dwane,ndwanee8@com.com,Philippines
79,Adelice,Wyre,awyree9@disqus.com,China
34,Ermentrude,Kennington,ekenningtonea@de.vu,Armenia
30,Ogden,Peedell,opeedelleb@newyorker.com,Philippines
15,Maridel,Gorey,mgoreyec@meetup.com,Denmark
22,Gennie,Lindberg,glindberged@constantcontact.com,Portugal
5,Tisha,Kleinplatz,tkleinplatzee@yellowpages.com,Portugal
2,Olenolin,Tallon,otallonef@scribd.com,Russia
31,Emera,Karpov,ekarpoveg@google.nl,Canada
49,Candy,Marunchak,cmarunchakeh@columbia.edu,China
68,Phylis,Atherley,patherleyei@ask.com,South Africa
6,Tabbie,Olekhov,tolekhovej@pen.io,Indonesia
39,Cori,Antoniewski,cantoniewskiek@jalbum.net,United States
14,Ludwig,Dixson,ldixsonel@comcast.net,United Arab Emirates
75,Laurel,Pomfret,lpomfretem@sfgate.com,China
11,Cheryl,Boorer,cbooreren@timesonline.co.uk,Serbia
95,Jacklin,Panting,jpantingeo@hao123.com,Sweden
88,Vince,Showalter,vshowalterep@ifeng.com,Bulgaria
77,Ardelis,Shimmin,ashimmineq@gravatar.com,Thailand
30,Elberta,Bye,ebyeer@jimdo.com,Portugal
13,Elana,Padberry,epadberryes@miitbeian.gov.cn,Russia
20,Piper,Whiteford,pwhitefordet@51.la,Botswana
10,Ethelda,Howton,ehowtoneu@dmoz.org,Togo
2,Monroe,McKniely,mmcknielyev@uol.com.br,Indonesia
35,Winna,Lockyear,wlockyearew@weather.com,Indonesia
41,Hallsy,Northcliffe,hnorthcliffeex@blogtalkradio.com,Burkina Faso
67,Ginni,O'Kielt,gokieltey@ocn.ne.jp,China
6,Ludovika,Darnell,ldarnellez@behance.net,Mexico
47,Ody,Piggen,opiggenf0@prweb.com,Indonesia
46,Ella,Jarville,ejarvillef1@github.io,Bulgaria
92,Rubia,Sones,rsonesf2@plala.or.jp,United Kingdom
39,Andrew,McArthur,amcarthurf3@meetup.com,China
93,Clare,Carmel,ccarmelf4@vistaprint.com,Peru
99,Marigold,Haverson,mhaversonf5@wp.com,Philippines
40,Norris,Dumblton,ndumbltonf6@adobe.com,Indonesia
81,Jackqueline,Brotherwood,jbrotherwoodf7@goo.gl,Turkey
81,Nerta,Gwyer,ngwyerf8@icq.com,Thailand
18,Britney,Guthrum,bguthrumf9@amazonaws.com,China
73,Kleon,Gilloran,kgilloranfa@phoca.cz,China
42,Trista,Corke,tcorkefb@seattletimes.com,Japan
68,Godfrey,Budgey,gbudgeyfc@apache.org,Croatia
85,Maximilianus,Hazlehurst,mhazlehurstfd@topsy.com,Thailand
91,Deane,Breckwell,dbreckwellfe@yale.edu,China
3,Zita,Harome,zharomeff@squidoo.com,China
50,Esta,Cremen,ecremenfg@sogou.com,Afghanistan
29,Rhys,Fullylove,rfullylovefh@furl.net,Portugal
10,Jud,McCathie,jmccathiefi@qq.com,Democratic Republic of the Congo
1,Lynnet,Dubs,ldubsfj@xrea.com,Mexico
84,Vania,Verrier,vverrierfk@amazon.de,Poland
61,Hobie,St Ange,hstangefl@theguardian.com,Brazil
16,Jedd,Cuskery,jcuskeryfm@ft.com,Peru
24,Eyde,Percifer,eperciferfn@psu.edu,China
21,Yoko,Hothersall,yhothersallfo@amazon.de,Albania
79,Cosme,Castelin,ccastelinfp@arstechnica.com,Czech Republic
76,Sari,Fenix,sfenixfq@spotify.com,Russia
22,Faber,Hazlegrove,fhazlegrovefr@goo.ne.jp,China
53,De,Bumpass,dbumpassfs@cbslocal.com,Canada
54,Consolata,Dowsett,cdowsettft@canalblog.com,Indonesia
19,Welby,McNulty,wmcnultyfu@technorati.com,Croatia
24,Reena,Bomfield,rbomfieldfv@nasa.gov,Indonesia
91,Neddy,Rowledge,nrowledgefw@indiegogo.com,Peru
47,Candie,Veitch,cveitchfx@clickbank.net,Portugal
4,Cherice,Fanshawe,cfanshawefy@gmpg.org,Russia
71,Erika,Howen,ehowenfz@si.edu,Belarus
48,Kora,Tynan,ktynang0@livejournal.com,Portugal
83,Sarina,Wheowall,swheowallg1@businessinsider.com,China
20,Fletcher,Drage,fdrageg2@state.gov,Thailand
23,Dalenna,Klees,dkleesg3@rediff.com,China
17,Jaye,Goldberg,jgoldbergg4@epa.gov,Mexico
33,Carlotta,Hardman,chardmang5@auda.org.au,China
67,Loria,Moorhouse,lmoorhouseg6@google.com.hk,Russia
48,Annetta,Larchiere,alarchiereg7@miitbeian.gov.cn,Poland
36,Nils,Croxley,ncroxleyg8@examiner.com,Croatia
62,Seumas,Kynson,skynsong9@timesonline.co.uk,China
38,Irvin,Laverick,ilaverickga@europa.eu,Sierra Leone
55,Che,Olivia,coliviagb@icio.us,Ukraine
32,Gabriel,Ivatts,givattsgc@oakley.com,Vietnam
54,Mycah,Forsyde,mforsydegd@live.com,Ukraine
28,Darill,Verbrugge,dverbruggege@multiply.com,Brazil
94,Leelah,Shotboulte,lshotboultegf@mashable.com,Indonesia
40,Luelle,Capner,lcapnergg@odnoklassniki.ru,Libya
29,Xenia,Pennells,xpennellsgh@xrea.com,Venezuela
53,Eilis,Dils,edilsgi@fastcompany.com,Kazakhstan
24,Haroun,Stockbridge,hstockbridgegj@biblegateway.com,China
16,Tom,Westberg,twestberggk@storify.com,Portugal
98,Alexio,Wedderburn,awedderburngl@dailymotion.com,Thailand
77,Leyla,Kernell,lkernellgm@washington.edu,China
60,Katherina,Mairs,kmairsgn@java.com,Indonesia
18,Briano,Durrand,bdurrandgo@ucla.edu,North Korea
21,Glenna,Washington,gwashingtongp@squarespace.com,Bulgaria
57,Myrta,Hassett,mhassettgq@ifeng.com,Mongolia
50,Lizabeth,Kenninghan,lkenninghangr@last.fm,Russia
8,Muriel,Winspurr,mwinspurrgs@1688.com,South Africa
88,Codi,Szapiro,cszapirogt@list-manage.com,Russia
55,Bellanca,Couvert,bcouvertgu@miitbeian.gov.cn,China
65,Trude,Hutchence,thutchencegv@bandcamp.com,China
95,Derek,Tapin,dtapingw@psu.edu,Japan
3,Gunther,Dugood,gdugoodgx@amazon.de,Bolivia
28,Jo-ann,Clemanceau,jclemanceaugy@dagondesign.com,China
40,Bennett,Arzu,barzugz@blogger.com,Philippines
66,Richmound,Suttling,rsuttlingh0@irs.gov,Venezuela
82,Bettye,Rosenqvist,brosenqvisth1@psu.edu,Ukraine
19,Timi,Pursey,tpurseyh2@army.mil,China
9,Oralle,Crosher,ocrosherh3@ameblo.jp,China
52,Gael,Northill,gnorthillh4@washington.edu,Poland
40,Caleb,Bartoloma,cbartolomah5@blinklist.com,Serbia
99,Stoddard,Tilbrook,stilbrookh6@dropbox.com,China
90,Deloria,Atcheson,datchesonh7@sakura.ne.jp,Argentina
95,Tobie,Martinovic,tmartinovich8@ycombinator.com,Colombia
53,Kelly,Kilfedder,kkilfedderh9@scientificamerican.com,France
100,Tyne,Becom,tbecomha@archive.org,China
73,Carleen,Lidden,cliddenhb@shop-pro.jp,China
87,Hestia,O'Hartnett,hohartnetthc@mozilla.com,Egypt
77,Blakeley,Birkmyre,bbirkmyrehd@unesco.org,Spain
4,Siusan,Klimshuk,sklimshukhe@simplemachines.org,Poland
98,Beverley,Ousley,bousleyhf@rakuten.co.jp,Botswana
66,Marchelle,Dufton,mduftonhg@uiuc.edu,Ukraine
65,Pepito,Shorbrook,pshorbrookhh@mysql.com,Philippines
99,Eric,Stud,estudhi@latimes.com,Indonesia
89,Fanya,McCulley,fmcculleyhj@multiply.com,Russia
91,Filmore,Nock,fnockhk@sun.com,Honduras
17,Gil,Dumphry,gdumphryhl@istockphoto.com,Indonesia
52,Christal,Rew,crewhm@cargocollective.com,China
86,Analiese,Micka,amickahn@sciencedaily.com,Philippines
80,Kevina,Craufurd,kcraufurdho@salon.com,Indonesia
96,Regan,Keyden,rkeydenhp@hatena.ne.jp,Japan
21,Merrick,Hubbucke,mhubbuckehq@nature.com,Poland
26,Grange,Spary,gsparyhr@nydailynews.com,Mexico
70,Katalin,Nazaret,knazareths@privacy.gov.au,Sweden
15,Myrtice,Drydale,mdrydaleht@omniture.com,Germany
60,Clerc,Ellsbury,cellsburyhu@guardian.co.uk,United Kingdom
86,Arlana,Van der Mark,avandermarkhv@statcounter.com,Israel
97,Lockwood,Viall,lviallhw@foxnews.com,China
57,Heather,Van der Kruis,hvanderkruishx@eepurl.com,Egypt
17,Sile,Syme,ssymehy@fotki.com,Indonesia
61,Philly,Downing,pdowninghz@cdc.gov,China
73,Dennet,Adlem,dadlemi0@msn.com,Greece
13,Gradeigh,Spinks,gspinksi1@npr.org,Philippines
69,Towny,Castles,tcastlesi2@plala.or.jp,Brazil
46,Marwin,Pascoe,mpascoei3@amazon.co.uk,Russia
44,Nona,Soff,nsoffi4@harvard.edu,Peru
40,Garry,Greenhalgh,ggreenhalghi5@uiuc.edu,China
83,Konstance,Pointer,kpointeri6@1688.com,Indonesia
55,Lamond,Stanton,lstantoni7@ifeng.com,Sweden
97,Inglis,Godspede,igodspedei8@unesco.org,Netherlands
18,Veriee,Mannagh,vmannaghi9@constantcontact.com,Israel
68,Nicolai,Sabberton,nsabbertonia@mit.edu,Greece
58,Onfroi,Gerbi,ogerbiib@oakley.com,China
98,Bartholomew,Fitzgerald,bfitzgeraldic@friendfeed.com,Colombia
60,Jefferey,Phelan,jphelanid@umn.edu,Bosnia and Herzegovina
31,Loy,Hilling,lhillingie@chronoengine.com,Armenia
23,Isaiah,Scocroft,iscocroftif@example.com,Russia
99,Nessi,Cartledge,ncartledgeig@tumblr.com,Gabon
95,Leodora,Sherburn,lsherburnih@twitpic.com,China
77,Janek,Fraschetti,jfraschettiii@youtube.com,China
92,Pablo,Neubigin,pneubiginij@xinhuanet.com,Republic of the Congo
65,Vito,Rannigan,vranniganik@washingtonpost.com,United States
51,Linell,Jayne,ljayneil@loc.gov,Canada
92,Nadeen,Rainford,nrainfordim@cnbc.com,Belgium
82,Manya,Siggens,msiggensin@hubpages.com,United States
58,Heriberto,Copsey,hcopseyio@geocities.com,South Africa
35,Frederico,Coronado,fcoronadoip@ebay.com,China
3,Cobb,Kordt,ckordtiq@xing.com,Portugal
6,Ameline,Bilsborrow,abilsborrowir@e-recht24.de,Indonesia
69,Kerby,Sturdy,ksturdyis@bloglines.com,France
75,Stearn,Briiginshaw,sbriiginshawit@soundcloud.com,Moldova
97,Vladimir,Buckwell,vbuckwelliu@flavors.me,China
39,Theodoric,Redmille,tredmilleiv@buzzfeed.com,Norway
38,Mozelle,Burbury,mburburyiw@qq.com,China
62,Cyrill,Odgaard,codgaardix@alexa.com,Swaziland
77,Langsdon,Shortall,lshortalliy@symantec.com,Russia
83,Claus,Pettus,cpettusiz@chron.com,Malaysia
51,Fons,Yurov,fyurovj0@nytimes.com,Sweden
55,Arvy,Hadrill,ahadrillj1@tinyurl.com,Poland
67,Carmela,Chislett,cchislettj2@princeton.edu,Kosovo
32,Mata,Llywarch,mllywarchj3@t-online.de,Philippines
21,Rosmunda,Rudgley,rrudgleyj4@ucoz.com,Kazakhstan
59,Abagail,Tiron,atironj5@uiuc.edu,Indonesia
73,Nichole,Gunning,ngunningj6@hostgator.com,Spain
78,Sherm,Quarry,squarryj7@studiopress.com,Portugal
8,Coralie,Longcaster,clongcasterj8@kickstarter.com,Israel
30,Esmaria,Exroll,eexrollj9@51.la,Indonesia
1,Pooh,Jedrzejewsky,pjedrzejewskyja@xrea.com,Norway
47,Ariella,Richter,arichterjb@pagesperso-orange.fr,Serbia
65,Fanny,Dentith,fdentithjc@fastcompany.com,Iran
3,Prince,Macklin,pmacklinjd@cnbc.com,Indonesia
70,Fransisco,Augustine,faugustineje@oakley.com,China
84,Jessy,Vivien,jvivienjf@phpbb.com,Philippines
88,Jayme,D'Ugo,jdugojg@freewebs.com,Bulgaria
43,Bud,Balwin,bbalwinjh@purevolume.com,Cuba
15,Lauren,Applewhaite,lapplewhaiteji@amazon.co.jp,Canada
74,Leona,Keave,lkeavejj@house.gov,Gabon
27,Kim,Shewan,kshewanjk@dedecms.com,Tunisia
25,Elston,Eplett,eeplettjl@xinhuanet.com,Iran
72,Ardath,Athy,aathyjm@google.es,China
24,Cloe,Shilling,cshillingjn@addtoany.com,Indonesia
20,Chase,Santen,csantenjo@google.co.uk,Japan
100,Lin,Tender,ltenderjp@yelp.com,Slovenia
77,Brett,Mor,bmorjq@paypal.com,Vietnam
27,Granger,Biaggioli,gbiaggiolijr@businessinsider.com,Canada
91,Shawna,Sarch,ssarchjs@etsy.com,Bolivia
98,Zora,Yoxen,zyoxenjt@nih.gov,Thailand
67,Kelby,Burbage,kburbageju@moonfruit.com,China
30,Nonnah,Dibling,ndiblingjv@mediafire.com,China
68,Rawley,Gooderidge,rgooderidgejw@uiuc.edu,Niger
92,Theadora,Blow,tblowjx@ucoz.ru,Indonesia
26,Tracy,Blofield,tblofieldjy@squidoo.com,Yemen
37,Laurene,Priddey,lpriddeyjz@java.com,France
9,Rene,Satteford,rsattefordk0@stumbleupon.com,China
45,Essa,Roderham,eroderhamk1@plala.or.jp,Ukraine
74,Cicily,Allday,calldayk2@1688.com,Philippines
57,Beck,Lenard,blenardk3@dell.com,Sweden
80,Lavinie,Geleman,lgelemank4@github.com,China
7,Ferrel,Arnall,farnallk5@plala.or.jp,Sri Lanka
85,Emmott,Tabbernor,etabbernork6@altervista.org,Japan
42,Martie,Burchmore,mburchmorek7@furl.net,Russia
82,Christian,Kenrack,ckenrackk8@ovh.net,Poland
76,Jaymee,Bonnar,jbonnark9@sourceforge.net,China
21,Tandie,Sedger,tsedgerka@forbes.com,Greece
4,Mellie,Girhard,mgirhardkb@usgs.gov,China
45,Jermaine,Jedrzejewsky,jjedrzejewskykc@europa.eu,China
29,Devinne,Oxborough,doxboroughkd@live.com,China
66,Camile,Tenwick,ctenwickke@bing.com,China
51,Dale,Fogden,dfogdenkf@amazon.co.uk,China
87,Wynny,McIlory,wmcilorykg@upenn.edu,China
13,Koressa,Prickett,kprickettkh@newyorker.com,China
60,Arney,Chasmar,achasmarki@mail.ru,Japan
60,Anthony,Jocic,ajocickj@mayoclinic.com,Philippines
56,Eunice,Lubbock,elubbockkk@google.pl,Poland
51,Lelah,Gillease,lgilleasekl@umn.edu,Iran
44,Ruperto,Dowbiggin,rdowbigginkm@loc.gov,Honduras
52,Elka,Lovstrom,elovstromkn@theatlantic.com,Venezuela
34,Remy,Saffin,rsaffinko@bloglines.com,Canada
43,Brittaney,Hryniewicz,bhryniewiczkp@comcast.net,Russia
59,Adorne,Ferreres,aferrereskq@latimes.com,Ireland
79,Valerie,Aronow,varonowkr@booking.com,South Korea
83,Julius,Marsh,jmarshks@cornell.edu,Jordan
84,Bobbie,Han,bhankt@npr.org,Poland
86,Shantee,Bemment,sbemmentku@unicef.org,Somalia
66,Kamilah,Kier,kkierkv@about.me,France
15,Sterne,Stot,sstotkw@google.co.jp,Russia
79,Lilias,Head,lheadkx@cdc.gov,Indonesia
19,Lucila,Gobourn,lgobournky@phoca.cz,Ukraine
5,Lothario,De Ortega,ldeortegakz@sogou.com,United Kingdom
75,Tammy,Bolin,tbolinl0@buzzfeed.com,China
77,Earlie,Boulder,eboulderl1@sohu.com,China
95,Goldie,Thrasher,gthrasherl2@timesonline.co.uk,Finland
26,Dario,Hutchence,dhutchencel3@blogtalkradio.com,Serbia
24,Orion,Mcimmie,omcimmiel4@about.me,Philippines
81,Osmond,Iskowitz,oiskowitzl5@cnet.com,Syria
90,Fredrika,Corsham,fcorshaml6@jugem.jp,United States
31,Esme,Poluzzi,epoluzzil7@toplist.cz,Philippines
29,Jude,Godspede,jgodspedel8@cocolog-nifty.com,Kazakhstan
97,Koo,Petrolli,kpetrollil9@spiegel.de,China
66,Berk,Moran,bmoranla@jiathis.com,United States
33,Godwin,Douche,gdouchelb@yahoo.co.jp,China
55,Julius,Hincham,jhinchamlc@hhs.gov,Indonesia
9,Mikel,Flewin,mflewinld@dion.ne.jp,Poland
90,Artie,Dalman,adalmanle@mozilla.org,Japan
92,Reyna,Karpf,rkarpflf@booking.com,Russia
82,Barr,Kenen,bkenenlg@bizjournals.com,Russia
44,Gabbi,Van den Velden,gvandenveldenlh@google.pl,Philippines
6,Helen,Betteridge,hbetteridgeli@live.com,Indonesia
50,Worthington,Flawith,wflawithlj@scientificamerican.com,France
53,Bunny,Greetham,bgreethamlk@biglobe.ne.jp,Sweden
86,Cathryn,Yakubovics,cyakubovicsll@over-blog.com,Nigeria
45,Bar,Caroline,bcarolinelm@mashable.com,Poland
1,Shannan,Densumbe,sdensumbeln@360.cn,China
61,Dorisa,Wrenn,dwrennlo@dyndns.org,United States
15,Cecilla,Tuff,ctufflp@google.com.au,Greece
72,Cassaundra,Pipe,cpipelq@google.cn,China
8,Rebeca,Sollon,rsollonlr@hhs.gov,Sweden
41,Franciskus,Seneschal,fseneschalls@google.co.uk,Poland
24,Anders,Welbeck,awelbecklt@sakura.ne.jp,China
82,Justinian,Critchard,jcritchardlu@yale.edu,Philippines
52,Madonna,Jocic,mjociclv@youtube.com,Colombia
44,Lenore,Jeram,ljeramlw@irs.gov,Azerbaijan
2,Tracy,MacKeller,tmackellerlx@army.mil,Greece
84,Sandra,Fernier,sfernierly@newyorker.com,Nigeria
85,Norean,Ching,nchinglz@usa.gov,Poland
34,Jehu,Kiff,jkiffm0@mlb.com,Poland
9,Hurley,Kurt,hkurtm1@utexas.edu,China
69,Dody,Bigrigg,dbigriggm2@slate.com,Sweden
89,Lise,Stopford,lstopfordm3@gizmodo.com,Poland
30,Randee,Scotland,rscotlandm4@nifty.com,Canada
47,Ryley,Bresson,rbressonm5@cbslocal.com,Portugal
99,Paco,Doohan,pdoohanm6@behance.net,Russia
31,Martie,Tonnesen,mtonnesenm7@tinypic.com,Bahrain
8,Lynnette,Pine,lpinem8@accuweather.com,El Salvador
12,Shaylah,Minney,sminneym9@cnbc.com,China
60,Bobbye,Oakenfull,boakenfullma@cbslocal.com,Sweden
2,Isaak,Bodle,ibodlemb@behance.net,Ukraine
72,Honey,Tyrer,htyrermc@netscape.com,Bulgaria
2,Wolfgang,Willgoose,wwillgoosemd@geocities.com,Russia
51,Kellyann,Pascow,kpascowme@pbs.org,China
17,Tim,Sobieski,tsobieskimf@over-blog.com,Russia
67,Florella,Tiernan,ftiernanmg@squarespace.com,Cameroon
82,Reagen,Escoffier,rescoffiermh@sciencedaily.com,Japan
47,Norina,Scates,nscatesmi@noaa.gov,Russia
30,Theobald,Callum,tcallummj@about.com,Morocco
72,Leia,Aprahamian,laprahamianmk@tmall.com,Hungary
77,Catherine,Pendrich,cpendrichml@microsoft.com,Portugal
87,Ulises,Rosgen,urosgenmm@gizmodo.com,France
28,Peggi,Leadstone,pleadstonemn@cbc.ca,Vietnam
17,Mikel,Poyzer,mpoyzermo@t.co,Bosnia and Herzegovina
99,Robbin,Thresh,rthreshmp@huffingtonpost.com,Russia
81,Pincas,Rainbird,prainbirdmq@smh.com.au,China
84,Nate,Puddephatt,npuddephattmr@mozilla.com,Bosnia and Herzegovina
1,Olenka,Barras,obarrasms@msu.edu,Georgia
72,Denys,Coultas,dcoultasmt@howstuffworks.com,Russia
20,Bambie,Janout,bjanoutmu@furl.net,France
71,Arvy,Oxenford,aoxenfordmv@time.com,Belarus
12,Kristoforo,Duckers,kduckersmw@illinois.edu,Guatemala
76,Adrianna,Handforth,ahandforthmx@icio.us,Argentina
4,Greggory,Getley,ggetleymy@princeton.edu,Peru
70,Fredrika,Stodit,fstoditmz@wp.com,Colombia
8,Lorilee,Pococke,lpococken0@nbcnews.com,Russia
58,Roland,Fairlie,rfairlien1@seesaa.net,China
28,Lenore,Gee,lgeen2@friendfeed.com,Syria
88,Winona,Dusey,wduseyn3@senate.gov,Peru
2,Garek,Lote,gloten4@redcross.org,China
81,Herby,McManus,hmcmanusn5@slate.com,Portugal
41,Gustave,Sneaker,gsneakern6@yale.edu,France
62,Mason,Storrier,mstorriern7@webs.com,Russia
83,Vikki,Goschalk,vgoschalkn8@ezinearticles.com,Brazil
69,Adrea,Lezemere,alezemeren9@sfgate.com,China
23,Sargent,Kenright,skenrightna@jalbum.net,China
57,Tatiania,April,taprilnb@scientificamerican.com,China
59,Guthrie,Jervoise,gjervoisenc@shareasale.com,China
20,Cilka,Evreux,cevreuxnd@unc.edu,Finland
41,Spike,Kington,skingtonne@hibu.com,Indonesia
99,Atalanta,Hacaud,ahacaudnf@apache.org,Armenia
25,Emmett,Cockayne,ecockayneng@discuz.net,North Korea
3,Marc,Etherson,methersonnh@jugem.jp,Venezuela
59,Sheffy,Peterken,speterkenni@storify.com,Armenia
42,Felita,Melmar,fmelmarnj@noaa.gov,Lebanon
40,Jolee,Struijs,jstruijsnk@dyndns.org,Brazil
80,Noam,Tetley,ntetleynl@tinyurl.com,El Salvador
27,Ramsey,Sambiedge,rsambiedgenm@cornell.edu,Poland
94,Cristy,Albers,calbersnn@surveymonkey.com,Germany
12,Andy,Djekic,adjekicno@loc.gov,Russia
32,Eveleen,Benedettini,ebenedettininp@dagondesign.com,Sweden
57,Johnny,Crudge,jcrudgenq@slideshare.net,Russia
59,Addia,Marchello,amarchellonr@mail.ru,Sweden
68,Gay,Vollam,gvollamns@unicef.org,Sweden
68,Roth,Dearness,rdearnessnt@reverbnation.com,South Africa
17,Tripp,Biskupek,tbiskupeknu@mtv.com,Iran
29,Erica,Seeler,eseelernv@tumblr.com,Philippines
53,Lalo,Goundrill,lgoundrillnw@opensource.org,Mongolia
47,Fabian,Vawton,fvawtonnx@bloomberg.com,France
72,Cherye,Devanney,cdevanneyny@ted.com,Russia
28,Brody,Cumes,bcumesnz@ning.com,Honduras
12,Melinde,Keddy,mkeddyo0@zdnet.com,Philippines
25,Hannie,Petrol,hpetrolo1@shinystat.com,Indonesia
88,Gilles,Bedding,gbeddingo2@free.fr,Tanzania
8,Sheba,Eteen,seteeno3@wunderground.com,East Timor
40,Berny,Scarlon,bscarlono4@marriott.com,Indonesia
85,Kelcie,Fareweather,kfareweathero5@loc.gov,Philippines
14,Shell,Aicheson,saichesono6@deliciousdays.com,China
38,Aeriela,Grinov,agrinovo7@cargocollective.com,Armenia
88,Elmer,Ducket,educketo8@spiegel.de,Philippines
46,Janette,Ackers,jackerso9@google.com.br,China
83,Nanette,Freiburger,nfreiburgeroa@digg.com,Canada
22,Ingeborg,MacIlurick,imacilurickob@bloomberg.com,Greece
64,Francisca,Lindro,flindrooc@chron.com,Chad
55,Trixie,Piele,tpieleod@upenn.edu,China
71,Jojo,Taplin,jtaplinoe@google.fr,Niger
66,Dyana,Leithgoe,dleithgoeof@hexun.com,Philippines
66,Garvin,Whitmarsh,gwhitmarshog@google.cn,Czech Republic
4,Manny,Agius,magiusoh@ucoz.ru,United States
65,Samaria,Lambricht,slambrichtoi@ebay.com,Sweden
30,Ceil,Hodgets,chodgetsoj@sakura.ne.jp,Ukraine
93,Minette,Challace,mchallaceok@wix.com,Honduras
24,Gardener,Sleany,gsleanyol@boston.com,Malaysia
95,Brynn,Larby,blarbyom@cloudflare.com,Morocco
30,Elsworth,McBrady,emcbradyon@utexas.edu,Russia
67,Hermann,Blowing,hblowingoo@unesco.org,Serbia
14,Adriaens,Coplestone,acoplestoneop@digg.com,Sweden
59,Glynda,Bradwell,gbradwelloq@google.ru,Philippines
98,Petronille,Spenley,pspenleyor@army.mil,Russia
8,Franklyn,Inkles,finklesos@acquirethisname.com,Portugal
66,Bell,Tupp,btuppot@psu.edu,Brazil
77,Thalia,Geldart,tgeldartou@ow.ly,Austria
10,Sabina,Tichner,stichnerov@biglobe.ne.jp,United States
99,Tedie,Keep,tkeepow@geocities.jp,China
12,Wynne,Doumenc,wdoumencox@reference.com,Portugal
49,Aldon,Gipp,agippoy@skyrock.com,China
29,Derril,McKeveney,dmckeveneyoz@feedburner.com,Colombia
99,Lilla,Bigmore,lbigmorep0@abc.net.au,Nicaragua
100,Crista,Eastcott,ceastcottp1@amazon.co.uk,China
22,Travus,Didsbury,tdidsburyp2@slashdot.org,Czech Republic
31,Adelheid,Towle,atowlep3@cbsnews.com,Philippines
99,Anastasie,Bratcher,abratcherp4@g.co,Tunisia
13,Bambie,Beavon,bbeavonp5@mayoclinic.com,Argentina
91,Nita,Ivashov,nivashovp6@npr.org,Indonesia
14,Ellie,Brandham,ebrandhamp7@nih.gov,Nigeria
46,Chanda,O'Brollachain,cobrollachainp8@github.io,Ukraine
81,Nehemiah,Pinilla,npinillap9@hao123.com,Ireland
18,Heida,Pepon,hpeponpa@webs.com,Armenia
73,Mikel,Kwietek,mkwietekpb@spiegel.de,France
74,Martica,Gillies,mgilliespc@hhs.gov,Portugal
54,Reynard,Frie,rfriepd@theatlantic.com,Serbia
20,Allx,Shilston,ashilstonpe@miibeian.gov.cn,Indonesia
41,Kalina,Storms,kstormspf@economist.com,China
24,Eduard,Tilling,etillingpg@reddit.com,China
64,Hayden,Le Ball,hleballph@webeden.co.uk,China
45,Alix,Shirtcliffe,ashirtcliffepi@live.com,Thailand
54,Tana,Bedborough,tbedboroughpj@shinystat.com,Philippines
17,Gianni,Hanstock,ghanstockpk@hp.com,Mexico
81,Renard,Hamilton,rhamiltonpl@symantec.com,China
31,Joscelin,Dunrige,jdunrigepm@t.co,Indonesia
14,Charline,Quirk,cquirkpn@canalblog.com,Mexico
33,Lucian,Seymark,lseymarkpo@harvard.edu,China
34,Jedidiah,Trowel,jtrowelpp@seattletimes.com,Thailand
13,Ellissa,Eitter,eeitterpq@wikipedia.org,Indonesia
3,Cesare,Muggleton,cmuggletonpr@yahoo.co.jp,Sweden
26,Egon,Meneyer,emeneyerps@msu.edu,Czech Republic
23,Cymbre,Imlaw,cimlawpt@google.fr,Norway
29,Boris,Bladder,bbladderpu@businessinsider.com,Indonesia
4,Gracia,Fantini,gfantinipv@vinaora.com,Russia
15,Maximilianus,Hutley,mhutleypw@plala.or.jp,Niger
59,Yelena,Stinchcombe,ystinchcombepx@sciencedaily.com,Indonesia
55,Haleigh,Givens,hgivenspy@walmart.com,Bulgaria
19,Sile,MacQuist,smacquistpz@last.fm,Russia
60,Melvin,Spada,mspadaq0@zimbio.com,Russia
92,Toby,Gherarducci,tgherarducciq1@craigslist.org,Indonesia
32,Gaile,Dullaghan,gdullaghanq2@photobucket.com,United States
65,Letty,Slyvester,lslyvesterq3@shareasale.com,Germany
58,Stacie,Lichtfoth,slichtfothq4@prnewswire.com,Mexico
42,Kial,Caveau,kcaveauq5@xrea.com,Ethiopia
19,Eula,Smetoun,esmetounq6@omniture.com,Poland
39,Swen,Connow,sconnowq7@reddit.com,Brazil
40,Noellyn,Rudiger,nrudigerq8@oaic.gov.au,Finland
38,Doralin,Jarrard,djarrardq9@washington.edu,China
98,Jacques,Dugmore,jdugmoreqa@blog.com,Indonesia
65,Michell,Pardoe,mpardoeqb@bloglovin.com,China
90,Claude,Eakens,ceakensqc@sphinn.com,Ireland
12,Lina,Gonoude,lgonoudeqd@reuters.com,Germany
77,Cirstoforo,Haquin,chaquinqe@usa.gov,Finland
96,Brennan,Steffens,bsteffensqf@illinois.edu,China
81,Alexina,Posvner,aposvnerqg@shinystat.com,Indonesia
51,Winnie,Parbrook,wparbrookqh@usgs.gov,China
84,Tabor,Mattiazzi,tmattiazziqi@yellowbook.com,Macedonia
96,Arvy,Parkins,aparkinsqj@typepad.com,Indonesia
81,Juana,Piddletown,jpiddletownqk@cmu.edu,Portugal
8,Corliss,Thing,cthingql@craigslist.org,Russia
99,Justin,Swateridge,jswateridgeqm@paypal.com,Philippines
51,Richmond,Paulin,rpaulinqn@ftc.gov,Russia
13,Bail,Marley,bmarleyqo@nasa.gov,China
21,Melony,Emilien,memilienqp@blogger.com,Portugal
96,Meade,Langtree,mlangtreeqq@mtv.com,Indonesia
34,Charin,Wallbank,cwallbankqr@technorati.com,Honduras
43,Katheryn,Berrecloth,kberreclothqs@bbb.org,Egypt
54,Thorndike,Noel,tnoelqt@omniture.com,Sweden
46,Deni,Shaxby,dshaxbyqu@netvibes.com,China
91,Zorine,Tommaseo,ztommaseoqv@a8.net,Indonesia
49,Eustace,Hackworthy,ehackworthyqw@google.ca,China
25,Dillon,Myton,dmytonqx@businesswire.com,China
77,Alec,Capaldo,acapaldoqy@ed.gov,China
37,Emmett,McLelland,emclellandqz@usatoday.com,China
86,Alva,Krabbe,akrabber0@gnu.org,Papua New Guinea
63,Lethia,Anton,lantonr1@nhs.uk,Indonesia
79,Dolph,Paur,dpaurr2@bing.com,United States
76,Sonnnie,Waitland,swaitlandr3@irs.gov,Brazil
56,Neall,Locks,nlocksr4@sphinn.com,China
28,Alleen,Matusson,amatussonr5@oaic.gov.au,Russia
94,Katherina,MacGaughie,kmacgaughier6@epa.gov,Indonesia
79,Avram,Alanbrooke,aalanbrooker7@cnbc.com,Yemen
14,Lucienne,Wooles,lwoolesr8@a8.net,Brazil
73,Glenine,Marton,gmartonr9@hp.com,Portugal
37,Karita,Cady,kcadyra@phpbb.com,Indonesia
51,Vanya,Mila,vmilarb@cyberchimps.com,Greece
43,Gaven,Westbrook,gwestbrookrc@addthis.com,Burkina Faso
30,Freida,Bigham,fbighamrd@nsw.gov.au,Ivory Coast
21,Scarlett,Penwright,spenwrightre@chronoengine.com,Poland
47,Paulette,Dighton,pdightonrf@csmonitor.com,China
7,Lucina,Stentiford,lstentifordrg@bigcartel.com,Japan
93,Lotta,MacAnulty,lmacanultyrh@comcast.net,France
47,Priscella,Hold,pholdri@umn.edu,Lithuania
15,Teodora,Van der Merwe,tvandermerwerj@unc.edu,Indonesia
21,Samaria,Baskeyfied,sbaskeyfiedrk@biblegateway.com,Panama
38,Meyer,Krebs,mkrebsrl@studiopress.com,China
16,Mal,Forrest,mforrestrm@slideshare.net,Japan
30,Tiffy,Slewcock,tslewcockrn@howstuffworks.com,China
10,Carlie,Sallans,csallansro@friendfeed.com,China
64,Nanette,MacAdam,nmacadamrp@chicagotribune.com,Egypt
97,Issie,Farnworth,ifarnworthrq@abc.net.au,Albania
81,Kailey,Pardue,kparduerr@buzzfeed.com,Pakistan
